-- phpMyAdmin SQL Dump
-- version 5.0.1
-- https://www.phpmyadmin.net/
--
-- Host: 127.0.0.1
-- Generation Time: Jun 25, 2020 at 06:40 AM
-- Server version: 10.4.11-MariaDB
-- PHP Version: 7.4.2

SET SQL_MODE = "NO_AUTO_VALUE_ON_ZERO";
SET AUTOCOMMIT = 0;
START TRANSACTION;
SET time_zone = "+00:00";


/*!40101 SET @OLD_CHARACTER_SET_CLIENT=@@CHARACTER_SET_CLIENT */;
/*!40101 SET @OLD_CHARACTER_SET_RESULTS=@@CHARACTER_SET_RESULTS */;
/*!40101 SET @OLD_COLLATION_CONNECTION=@@COLLATION_CONNECTION */;
/*!40101 SET NAMES utf8mb4 */;

--
-- Database: `forms`
--
CREATE DATABASE IF NOT EXISTS `forms` DEFAULT CHARACTER SET utf8mb4 COLLATE utf8mb4_general_ci;
USE `forms`;

-- --------------------------------------------------------

--
-- Table structure for table `birthtable`
--

CREATE TABLE `birthtable` (
  `firstname` varchar(50) NOT NULL,
  `lastname` varchar(50) NOT NULL,
  `dob` date NOT NULL,
  `timeofbirth` time(6) NOT NULL,
  `placeofbirth` varchar(50) NOT NULL,
  `city` varchar(20) NOT NULL,
  `taluka` varchar(50) NOT NULL,
  `district` varchar(50) NOT NULL,
  `gender` char(50) NOT NULL,
  `regno` int(50) NOT NULL,
  `regdate` date NOT NULL,
  `mothername` char(50) NOT NULL,
  `fathername` char(50) NOT NULL
) ENGINE=InnoDB DEFAULT CHARSET=utf8mb4;

--
-- Dumping data for table `birthtable`
--

INSERT INTO `birthtable` (`firstname`, `lastname`, `dob`, `timeofbirth`, `placeofbirth`, `city`, `taluka`, `district`, `gender`, `regno`, `regdate`, `mothername`, `fathername`) VALUES
('Gayatri', 'Gade', '2020-05-05', '06:00:00.000000', 'Karsul', 'Karsul', 'Niphad', 'Nashik', 'Female', 2, '2020-05-13', 'Sugandha', 'Sopan');

-- --------------------------------------------------------

--
-- Table structure for table `deathtable`
--

CREATE TABLE `deathtable` (
  `name` varchar(50) NOT NULL,
  `dob` date NOT NULL,
  `placeofdeath` varchar(50) NOT NULL,
  `permanantadd` varchar(50) NOT NULL,
  `regno` int(50) NOT NULL,
  `regdate` date NOT NULL,
  `mothername` char(50) NOT NULL,
  `fathername` char(50) NOT NULL
) ENGINE=InnoDB DEFAULT CHARSET=utf8mb4;

--
-- Dumping data for table `deathtable`
--

INSERT INTO `deathtable` (`name`, `dob`, `placeofdeath`, `permanantadd`, `regno`, `regdate`, `mothername`, `fathername`) VALUES
('pandurang E. Gade', '2011-04-11', 'Karsul', 'Karsul tal Niphad', 10, '2020-04-10', 'Ambabai gade', 'Shankar gade'),
('vvfhjydeeyf', '2020-04-07', 'fgtredfjkloiu', 'rqwertyioplkjhgfd', 34, '2020-04-08', 'hgtrefdews', 'dskdosdoedeewsd'),
(' ghuhgt', '2011-04-11', 'lkjgtjtokjoi ', ' lkjooju', 1, '2011-04-11', ' yuutiiy', 'poiiuy'),
('xyz', '2020-05-05', 'Niphad', 'Nashik', 10, '2020-05-12', 'fgtr', 'pqr'),
('xyz', '2020-05-04', 'niphad', 'Nashik', 10, '2020-05-06', 'gfr', 'dssfred'),
('Xyze', '2020-05-05', 'Niphad', 'Nashik', 20, '2020-05-12', 'fgtreds', 'sxsadxad');

-- --------------------------------------------------------

--
-- Table structure for table `livingtable`
--

CREATE TABLE `livingtable` (
  `fullname` varchar(50) NOT NULL,
  `address` varchar(50) NOT NULL,
  `regdate` date NOT NULL,
  `regno` int(50) NOT NULL,
  `taluka` varchar(50) NOT NULL
) ENGINE=InnoDB DEFAULT CHARSET=utf8mb4;

--
-- Dumping data for table `livingtable`
--

INSERT INTO `livingtable` (`fullname`, `address`, `regdate`, `regno`, `taluka`) VALUES
('xyz', 'Karsul', '2020-05-12', 12, 'Niphad');

-- --------------------------------------------------------

--
-- Table structure for table `marriagetable`
--

CREATE TABLE `marriagetable` (
  `husbandname` varchar(50) NOT NULL,
  `wifename` varchar(50) NOT NULL,
  `placeofmarriage` varchar(50) NOT NULL,
  `marriagedate` date NOT NULL,
  `regdate` date NOT NULL,
  `regno` int(20) NOT NULL
) ENGINE=InnoDB DEFAULT CHARSET=utf8mb4;

--
-- Dumping data for table `marriagetable`
--

INSERT INTO `marriagetable` (`husbandname`, `wifename`, `placeofmarriage`, `marriagedate`, `regdate`, `regno`) VALUES
('Saurabh', 'pallavi', 'Satana', '2022-02-14', '2020-03-04', 2);

-- --------------------------------------------------------

--
-- Table structure for table `populationtable`
--

CREATE TABLE `populationtable` (
  `totalpopulation` int(50) NOT NULL,
  `totalhouse` int(50) NOT NULL,
  `totalliteracy` varchar(50) NOT NULL,
  `workingpopulation` varchar(50) NOT NULL,
  `childpopulation` int(50) NOT NULL
) ENGINE=InnoDB DEFAULT CHARSET=utf8mb4;

--
-- Dumping data for table `populationtable`
--

INSERT INTO `populationtable` (`totalpopulation`, `totalhouse`, `totalliteracy`, `workingpopulation`, `childpopulation`) VALUES
(2278, 480, '48%', '60.3%', 279);

-- --------------------------------------------------------

--
-- Table structure for table `schemetable`
--

CREATE TABLE `schemetable` (
  `no` int(50) NOT NULL,
  `description` varchar(50) NOT NULL,
  `purchasedate` varchar(50) NOT NULL,
  `noofthings` int(50) NOT NULL,
  `cost` int(50) NOT NULL,
  `completiondate` varchar(20) NOT NULL,
  `remainingamount` int(50) NOT NULL
) ENGINE=InnoDB DEFAULT CHARSET=utf8mb4;

--
-- Dumping data for table `schemetable`
--

INSERT INTO `schemetable` (`no`, `description`, `purchasedate`, `noofthings`, `cost`, `completiondate`, `remainingamount`) VALUES
(1, 'chair', '3/4/20', 12, 5678, '4/5/20', 600);

-- --------------------------------------------------------

--
-- Table structure for table `stable`
--

CREATE TABLE `stable` (
  `sarpanchname` varchar(50) NOT NULL
) ENGINE=InnoDB DEFAULT CHARSET=utf8mb4;

--
-- Dumping data for table `stable`
--

INSERT INTO `stable` (`sarpanchname`) VALUES
('Devendra kajale');

--
-- Indexes for dumped tables
--

--
-- Indexes for table `livingtable`
--
ALTER TABLE `livingtable`
  ADD PRIMARY KEY (`regno`);

--
-- Indexes for table `marriagetable`
--
ALTER TABLE `marriagetable`
  ADD PRIMARY KEY (`regno`);

--
-- Indexes for table `schemetable`
--
ALTER TABLE `schemetable`
  ADD PRIMARY KEY (`no`);
--
-- Database: `hms`
--
CREATE DATABASE IF NOT EXISTS `hms` DEFAULT CHARACTER SET utf8mb4 COLLATE utf8mb4_general_ci;
USE `hms`;

-- --------------------------------------------------------

--
-- Table structure for table `admin`
--

CREATE TABLE `admin` (
  `id` int(11) NOT NULL,
  `username` varchar(255) NOT NULL,
  `password` varchar(255) NOT NULL,
  `updationDate` varchar(255) NOT NULL
) ENGINE=InnoDB DEFAULT CHARSET=latin1;

--
-- Dumping data for table `admin`
--

INSERT INTO `admin` (`id`, `username`, `password`, `updationDate`) VALUES
(1, 'admin', 'Test@12345', '28-12-2016 11:42:05 AM');

-- --------------------------------------------------------

--
-- Table structure for table `appointment`
--

CREATE TABLE `appointment` (
  `id` int(11) NOT NULL,
  `doctorSpecialization` varchar(255) DEFAULT NULL,
  `doctorId` int(11) DEFAULT NULL,
  `userId` int(11) DEFAULT NULL,
  `consultancyFees` int(11) DEFAULT NULL,
  `appointmentDate` varchar(255) DEFAULT NULL,
  `appointmentTime` varchar(255) DEFAULT NULL,
  `postingDate` timestamp NULL DEFAULT current_timestamp(),
  `userStatus` int(11) DEFAULT NULL,
  `doctorStatus` int(11) DEFAULT NULL,
  `updationDate` timestamp NULL DEFAULT NULL ON UPDATE current_timestamp()
) ENGINE=InnoDB DEFAULT CHARSET=latin1;

--
-- Dumping data for table `appointment`
--

INSERT INTO `appointment` (`id`, `doctorSpecialization`, `doctorId`, `userId`, `consultancyFees`, `appointmentDate`, `appointmentTime`, `postingDate`, `userStatus`, `doctorStatus`, `updationDate`) VALUES
(3, 'Demo test', 7, 6, 600, '2019-06-29', '9:15 AM', '2019-06-23 18:31:28', 1, 0, '0000-00-00 00:00:00'),
(4, 'Ayurveda', 5, 5, 8050, '2019-11-08', '1:00 PM', '2019-11-05 10:28:54', 1, 1, '0000-00-00 00:00:00'),
(5, 'Dermatologist', 9, 7, 500, '2019-11-30', '5:30 PM', '2019-11-10 18:41:34', 1, 0, '2019-11-10 18:48:30'),
(6, 'General Physician', 6, 8, 2500, '2020-02-26', '11:30 AM', '2020-02-29 05:59:20', 1, 1, NULL),
(7, 'General Physician', 6, 8, 2500, '2020-02-26', '11:30 AM', '2020-02-29 05:59:52', 1, 1, NULL);

-- --------------------------------------------------------

--
-- Table structure for table `doctors`
--

CREATE TABLE `doctors` (
  `id` int(11) NOT NULL,
  `specilization` varchar(255) DEFAULT NULL,
  `doctorName` varchar(255) DEFAULT NULL,
  `address` longtext DEFAULT NULL,
  `docFees` varchar(255) DEFAULT NULL,
  `contactno` bigint(11) DEFAULT NULL,
  `docEmail` varchar(255) DEFAULT NULL,
  `password` varchar(255) DEFAULT NULL,
  `creationDate` timestamp NULL DEFAULT current_timestamp(),
  `updationDate` timestamp NULL DEFAULT NULL ON UPDATE current_timestamp()
) ENGINE=InnoDB DEFAULT CHARSET=latin1;

--
-- Dumping data for table `doctors`
--

INSERT INTO `doctors` (`id`, `specilization`, `doctorName`, `address`, `docFees`, `contactno`, `docEmail`, `password`, `creationDate`, `updationDate`) VALUES
(1, 'Dentist', 'Anuj', 'New Delhi', '500', 8285703354, 'anuj.lpu1@gmail.com', 'f925916e2754e5e03f75dd58a5733251', '2016-12-29 06:25:37', '2019-06-30 12:11:05'),
(2, 'Homeopath', 'Sarita Pandey', 'Varanasi', '600', 2147483647, 'sarita@gmail.com', 'f925916e2754e5e03f75dd58a5733251', '2016-12-29 06:51:51', '0000-00-00 00:00:00'),
(3, 'General Physician', 'Nitesh Kumar', 'Ghaziabad', '1200', 8523699999, 'nitesh@gmail.com', 'f925916e2754e5e03f75dd58a5733251', '2017-01-07 07:43:35', '0000-00-00 00:00:00'),
(4, 'Homeopath', 'Vijay Verma', 'New Delhi', '700', 25668888, 'vijay@gmail.com', 'f925916e2754e5e03f75dd58a5733251', '2017-01-07 07:45:09', '0000-00-00 00:00:00'),
(5, 'Ayurveda', 'Sanjeev', 'Gurugram', '8050', 442166644646, 'sanjeev@gmail.com', 'f925916e2754e5e03f75dd58a5733251', '2017-01-07 07:47:07', '0000-00-00 00:00:00'),
(6, 'General Physician', 'Amrita', 'New Delhi India', '2500', 45497964, 'amrita@test.com', 'f925916e2754e5e03f75dd58a5733251', '2017-01-07 07:52:50', '0000-00-00 00:00:00'),
(7, 'Demo test', 'abc ', 'New Delhi India', '200', 852888888, 'test@demo.com', 'f925916e2754e5e03f75dd58a5733251', '2017-01-07 08:08:58', '2019-06-23 18:17:25'),
(8, 'Ayurveda', 'Test Doctor', 'Xyz Abc New Delhi', '600', 1234567890, 'test@test.com', '202cb962ac59075b964b07152d234b70', '2019-06-23 17:57:43', '2019-06-23 18:06:06'),
(9, 'Dermatologist', 'Anuj kumar', 'New Delhi India 110001', '500', 1234567890, 'anujk@test.com', 'f925916e2754e5e03f75dd58a5733251', '2019-11-10 18:37:47', '2019-11-10 18:38:10');

-- --------------------------------------------------------

--
-- Table structure for table `doctorslog`
--

CREATE TABLE `doctorslog` (
  `id` int(11) NOT NULL,
  `uid` int(11) DEFAULT NULL,
  `username` varchar(255) DEFAULT NULL,
  `userip` binary(16) DEFAULT NULL,
  `loginTime` timestamp NULL DEFAULT current_timestamp(),
  `logout` varchar(255) DEFAULT NULL,
  `status` int(11) DEFAULT NULL
) ENGINE=InnoDB DEFAULT CHARSET=latin1;

--
-- Dumping data for table `doctorslog`
--

INSERT INTO `doctorslog` (`id`, `uid`, `username`, `userip`, `loginTime`, `logout`, `status`) VALUES
(20, NULL, 'test@demo.com', 0x3a3a3100000000000000000000000000, '2020-02-29 03:54:04', NULL, 0),
(21, 7, 'test@demo.com', 0x3a3a3100000000000000000000000000, '2020-02-29 03:54:23', NULL, 1),
(22, 7, 'test@demo.com', 0x3a3a3100000000000000000000000000, '2020-02-29 04:05:07', NULL, 1),
(23, 7, 'test@demo.com', 0x3a3a3100000000000000000000000000, '2020-02-29 04:09:29', NULL, 1),
(24, 7, 'test@demo.com', 0x3a3a3100000000000000000000000000, '2020-02-29 06:00:16', NULL, 1);

-- --------------------------------------------------------

--
-- Table structure for table `doctorspecilization`
--

CREATE TABLE `doctorspecilization` (
  `id` int(11) NOT NULL,
  `specilization` varchar(255) DEFAULT NULL,
  `creationDate` timestamp NULL DEFAULT current_timestamp(),
  `updationDate` timestamp NULL DEFAULT NULL ON UPDATE current_timestamp()
) ENGINE=InnoDB DEFAULT CHARSET=latin1;

--
-- Dumping data for table `doctorspecilization`
--

INSERT INTO `doctorspecilization` (`id`, `specilization`, `creationDate`, `updationDate`) VALUES
(1, 'Gynecologist/Obstetrician', '2016-12-28 06:37:25', '0000-00-00 00:00:00'),
(2, 'General Physician', '2016-12-28 06:38:12', '0000-00-00 00:00:00'),
(3, 'Dermatologist', '2016-12-28 06:38:48', '0000-00-00 00:00:00'),
(4, 'Homeopath', '2016-12-28 06:39:26', '0000-00-00 00:00:00'),
(5, 'Ayurveda', '2016-12-28 06:39:51', '0000-00-00 00:00:00'),
(6, 'Dentist', '2016-12-28 06:40:08', '0000-00-00 00:00:00'),
(7, 'Ear-Nose-Throat (Ent) Specialist', '2016-12-28 06:41:18', '0000-00-00 00:00:00'),
(9, 'Demo test', '2016-12-28 07:37:39', '0000-00-00 00:00:00'),
(10, 'Bones Specialist demo', '2017-01-07 08:07:53', '0000-00-00 00:00:00'),
(11, 'Test', '2019-06-23 17:51:06', '2019-06-23 17:55:06'),
(12, 'Dermatologist', '2019-11-10 18:36:36', '2019-11-10 18:36:50');

-- --------------------------------------------------------

--
-- Table structure for table `tblcontactus`
--

CREATE TABLE `tblcontactus` (
  `id` int(11) NOT NULL,
  `fullname` varchar(255) DEFAULT NULL,
  `email` varchar(255) DEFAULT NULL,
  `contactno` bigint(12) DEFAULT NULL,
  `message` mediumtext DEFAULT NULL,
  `PostingDate` timestamp NULL DEFAULT current_timestamp(),
  `AdminRemark` mediumtext DEFAULT NULL,
  `LastupdationDate` timestamp NULL DEFAULT NULL ON UPDATE current_timestamp(),
  `IsRead` int(11) DEFAULT NULL
) ENGINE=InnoDB DEFAULT CHARSET=latin1;

--
-- Dumping data for table `tblcontactus`
--

INSERT INTO `tblcontactus` (`id`, `fullname`, `email`, `contactno`, `message`, `PostingDate`, `AdminRemark`, `LastupdationDate`, `IsRead`) VALUES
(1, 'test user', 'test@gmail.com', 2523523522523523, ' This is sample text for the test.', '2019-06-29 19:03:08', 'Test Admin Remark', '2019-06-30 12:55:23', 1),
(2, 'Anuj kumar', 'phpgurukulofficial@gmail.com', 1111111111111111, ' This is sample text for testing.  This is sample text for testing. This is sample text for testing. This is sample text for testing. This is sample text for testing. This is sample text for testing. This is sample text for testing. This is sample text for testing. This is sample text for testing. This is sample text for testing. This is sample text for testing. This is sample text for testing. This is sample text for testing. This is sample text for testing. This is sample text for testing. This is sample text for testing. This is sample text for testing. This is sample text for testing. This is sample text for testing. This is sample text for testing. This is sample text for testing. This is sample text for testing.', '2019-06-30 13:06:50', NULL, NULL, NULL),
(3, 'fdsfsdf', 'fsdfsd@ghashhgs.com', 3264826346, 'sample text   sample text  sample text  sample text  sample text  sample text  sample text  sample text  sample text  sample text  sample text  sample text  sample text  sample text  sample text  sample text  sample text  sample text  sample text  sample text  sample text  sample text  sample text  sample text  ', '2019-11-10 18:53:48', 'vfdsfgfd', '2019-11-10 18:54:04', 1),
(4, 'Gayatri', 'gayatrigade248@gmail.com', 9623674838, ' hii \r\nam gayu', '2020-03-16 12:55:27', NULL, NULL, NULL);

-- --------------------------------------------------------

--
-- Table structure for table `tblmedicalhistory`
--

CREATE TABLE `tblmedicalhistory` (
  `ID` int(10) NOT NULL,
  `PatientID` int(10) DEFAULT NULL,
  `BloodPressure` varchar(200) DEFAULT NULL,
  `BloodSugar` varchar(200) NOT NULL,
  `Weight` varchar(100) DEFAULT NULL,
  `Temperature` varchar(200) DEFAULT NULL,
  `MedicalPres` mediumtext DEFAULT NULL,
  `CreationDate` timestamp NOT NULL DEFAULT current_timestamp() ON UPDATE current_timestamp()
) ENGINE=InnoDB DEFAULT CHARSET=latin1;

--
-- Dumping data for table `tblmedicalhistory`
--

INSERT INTO `tblmedicalhistory` (`ID`, `PatientID`, `BloodPressure`, `BloodSugar`, `Weight`, `Temperature`, `MedicalPres`, `CreationDate`) VALUES
(2, 3, '120/185', '80/120', '85 Kg', '101 degree', '#Fever, #BP high\r\n1.Paracetamol\r\n2.jocib tab\r\n', '2019-11-06 04:20:07'),
(3, 2, '90/120', '92/190', '86 kg', '99 deg', '#Sugar High\r\n1.Petz 30', '2019-11-06 04:31:24'),
(4, 1, '125/200', '86/120', '56 kg', '98 deg', '# blood pressure is high\r\n1.koil cipla', '2019-11-06 04:52:42'),
(5, 1, '96/120', '98/120', '57 kg', '102 deg', '#Viral\r\n1.gjgjh-1Ml\r\n2.kjhuiy-2M', '2019-11-06 04:56:55'),
(6, 4, '90/120', '120', '56', '98 F', '#blood sugar high\r\n#Asthma problem', '2019-11-06 14:38:33'),
(7, 5, '80/120', '120', '85', '98.6', 'Rx\r\n\r\nAbc tab\r\nxyz Syrup', '2019-11-10 18:50:23');

-- --------------------------------------------------------

--
-- Table structure for table `tblpatient`
--

CREATE TABLE `tblpatient` (
  `ID` int(10) NOT NULL,
  `Docid` int(10) DEFAULT NULL,
  `PatientName` varchar(200) DEFAULT NULL,
  `PatientContno` bigint(10) DEFAULT NULL,
  `PatientEmail` varchar(200) DEFAULT NULL,
  `PatientGender` varchar(50) DEFAULT NULL,
  `PatientAdd` mediumtext DEFAULT NULL,
  `PatientAge` int(10) DEFAULT NULL,
  `PatientMedhis` mediumtext DEFAULT NULL,
  `CreationDate` timestamp NULL DEFAULT current_timestamp(),
  `UpdationDate` timestamp NULL DEFAULT NULL ON UPDATE current_timestamp()
) ENGINE=InnoDB DEFAULT CHARSET=latin1;

--
-- Dumping data for table `tblpatient`
--

INSERT INTO `tblpatient` (`ID`, `Docid`, `PatientName`, `PatientContno`, `PatientEmail`, `PatientGender`, `PatientAdd`, `PatientAge`, `PatientMedhis`, `CreationDate`, `UpdationDate`) VALUES
(1, 1, 'Manisha Jha', 4558968789, 'test@gmail.com', 'Female', '\"\"J&K Block J-127, Laxmi Nagar New Delhi', 26, 'She is diabetic patient', '2019-11-04 21:38:06', '2019-11-06 06:48:05'),
(2, 5, 'Raghu Yadav', 9797977979, 'raghu@gmail.com', 'Male', 'ABC Apartment Mayur Vihar Ph-1 New Delhi', 39, 'No', '2019-11-05 10:40:13', '2019-11-05 11:53:45'),
(3, 7, 'Mansi', 9878978798, 'jk@gmail.com', 'Female', '\"fdghyj', 46, 'No', '2019-11-05 10:49:41', '2019-11-05 11:58:59'),
(4, 7, 'Manav Sharma', 9888988989, 'sharma@gmail.com', 'Male', 'L-56,Ashok Nagar New Delhi-110096', 45, 'He is long suffered by asthma', '2019-11-06 14:33:54', '2019-11-06 14:34:31'),
(5, 9, 'John', 1234567890, 'john@test.com', 'male', 'Test ', 25, 'THis is sample text for testing.', '2019-11-10 18:49:24', NULL);

-- --------------------------------------------------------

--
-- Table structure for table `userlog`
--

CREATE TABLE `userlog` (
  `id` int(11) NOT NULL,
  `uid` int(11) DEFAULT NULL,
  `username` varchar(255) DEFAULT NULL,
  `userip` binary(16) DEFAULT NULL,
  `loginTime` timestamp NULL DEFAULT current_timestamp(),
  `logout` varchar(255) DEFAULT NULL,
  `status` int(11) DEFAULT NULL
) ENGINE=InnoDB DEFAULT CHARSET=latin1;

--
-- Dumping data for table `userlog`
--

INSERT INTO `userlog` (`id`, `uid`, `username`, `userip`, `loginTime`, `logout`, `status`) VALUES
(24, NULL, 'gayu', 0x3a3a3100000000000000000000000000, '2020-02-29 03:49:16', NULL, 0),
(25, NULL, 'gayatri', 0x3a3a3100000000000000000000000000, '2020-02-29 03:49:28', NULL, 0),
(26, NULL, 'gayu@123', 0x3a3a3100000000000000000000000000, '2020-02-29 03:49:57', NULL, 0),
(27, 8, 'gayatri@gmail.com', 0x3a3a3100000000000000000000000000, '2020-02-29 03:50:30', NULL, 1),
(28, 8, 'gayatri@gmail.com', 0x3a3a3100000000000000000000000000, '2020-02-29 05:51:17', NULL, 1),
(29, 8, 'gayatri@gmail.com', 0x3a3a3100000000000000000000000000, '2020-02-29 05:56:54', NULL, 1),
(30, 8, 'gayatri@gmail.com', 0x3a3a3100000000000000000000000000, '2020-02-29 05:58:06', NULL, 1),
(31, 8, 'gayatri@gmail.com', 0x3a3a3100000000000000000000000000, '2020-02-29 06:10:24', '29-02-2020 11:40:31 AM', 1),
(32, 8, 'gayatri@gmail.com', 0x3a3a3100000000000000000000000000, '2020-02-29 06:11:56', NULL, 1),
(33, NULL, 'gayatri@gmail.com', 0x3a3a3100000000000000000000000000, '2020-04-14 06:55:44', NULL, 0);

-- --------------------------------------------------------

--
-- Table structure for table `users`
--

CREATE TABLE `users` (
  `id` int(11) NOT NULL,
  `fullName` varchar(255) DEFAULT NULL,
  `address` longtext DEFAULT NULL,
  `city` varchar(255) DEFAULT NULL,
  `gender` varchar(255) DEFAULT NULL,
  `email` varchar(255) DEFAULT NULL,
  `password` varchar(255) DEFAULT NULL,
  `regDate` timestamp NULL DEFAULT current_timestamp(),
  `updationDate` timestamp NULL DEFAULT NULL ON UPDATE current_timestamp()
) ENGINE=InnoDB DEFAULT CHARSET=latin1;

--
-- Dumping data for table `users`
--

INSERT INTO `users` (`id`, `fullName`, `address`, `city`, `gender`, `email`, `password`, `regDate`, `updationDate`) VALUES
(2, 'Sarita pandey', 'New Delhi India', 'Delhi', 'female', 'test@gmail.com', 'f925916e2754e5e03f75dd58a5733251', '2016-12-30 05:34:39', '0000-00-00 00:00:00'),
(3, 'Amit', 'New Delhi', 'New delhi', 'male', 'amit@gmail.com', 'f925916e2754e5e03f75dd58a5733251', '2017-01-07 06:36:53', '0000-00-00 00:00:00'),
(4, 'Rahul Singh', 'New Delhi', 'New delhi', 'male', 'rahul@gmail.com', 'f925916e2754e5e03f75dd58a5733251', '2017-01-07 07:41:14', '0000-00-00 00:00:00'),
(5, 'Amit kumar', 'New Delhi India', 'Delhi', 'male', 'amit12@gmail.com', 'f925916e2754e5e03f75dd58a5733251', '2017-01-07 08:00:26', '0000-00-00 00:00:00'),
(6, 'Test user', 'New Delhi', 'Delhi', 'male', 'tetuser@gmail.com', 'f925916e2754e5e03f75dd58a5733251', '2019-06-23 18:24:53', '2019-06-23 18:36:09'),
(7, 'John', 'USA', 'Newyork', 'male', 'john@test.com', 'f925916e2754e5e03f75dd58a5733251', '2019-11-10 18:40:21', '2019-11-10 18:40:51'),
(8, 'Gayatri', 'karsul', 'nashik', 'female', 'gayatri@gmail.com', '0bd170f75fef98c74e944674727bdabd', '2020-02-29 03:48:49', NULL);

--
-- Indexes for dumped tables
--

--
-- Indexes for table `admin`
--
ALTER TABLE `admin`
  ADD PRIMARY KEY (`id`);

--
-- Indexes for table `appointment`
--
ALTER TABLE `appointment`
  ADD PRIMARY KEY (`id`);

--
-- Indexes for table `doctors`
--
ALTER TABLE `doctors`
  ADD PRIMARY KEY (`id`);

--
-- Indexes for table `doctorslog`
--
ALTER TABLE `doctorslog`
  ADD PRIMARY KEY (`id`);

--
-- Indexes for table `doctorspecilization`
--
ALTER TABLE `doctorspecilization`
  ADD PRIMARY KEY (`id`);

--
-- Indexes for table `tblcontactus`
--
ALTER TABLE `tblcontactus`
  ADD PRIMARY KEY (`id`);

--
-- Indexes for table `tblmedicalhistory`
--
ALTER TABLE `tblmedicalhistory`
  ADD PRIMARY KEY (`ID`);

--
-- Indexes for table `tblpatient`
--
ALTER TABLE `tblpatient`
  ADD PRIMARY KEY (`ID`);

--
-- Indexes for table `userlog`
--
ALTER TABLE `userlog`
  ADD PRIMARY KEY (`id`);

--
-- Indexes for table `users`
--
ALTER TABLE `users`
  ADD PRIMARY KEY (`id`),
  ADD KEY `email` (`email`);

--
-- AUTO_INCREMENT for dumped tables
--

--
-- AUTO_INCREMENT for table `admin`
--
ALTER TABLE `admin`
  MODIFY `id` int(11) NOT NULL AUTO_INCREMENT, AUTO_INCREMENT=2;

--
-- AUTO_INCREMENT for table `appointment`
--
ALTER TABLE `appointment`
  MODIFY `id` int(11) NOT NULL AUTO_INCREMENT, AUTO_INCREMENT=8;

--
-- AUTO_INCREMENT for table `doctors`
--
ALTER TABLE `doctors`
  MODIFY `id` int(11) NOT NULL AUTO_INCREMENT, AUTO_INCREMENT=10;

--
-- AUTO_INCREMENT for table `doctorslog`
--
ALTER TABLE `doctorslog`
  MODIFY `id` int(11) NOT NULL AUTO_INCREMENT, AUTO_INCREMENT=25;

--
-- AUTO_INCREMENT for table `doctorspecilization`
--
ALTER TABLE `doctorspecilization`
  MODIFY `id` int(11) NOT NULL AUTO_INCREMENT, AUTO_INCREMENT=13;

--
-- AUTO_INCREMENT for table `tblcontactus`
--
ALTER TABLE `tblcontactus`
  MODIFY `id` int(11) NOT NULL AUTO_INCREMENT, AUTO_INCREMENT=5;

--
-- AUTO_INCREMENT for table `tblmedicalhistory`
--
ALTER TABLE `tblmedicalhistory`
  MODIFY `ID` int(10) NOT NULL AUTO_INCREMENT, AUTO_INCREMENT=8;

--
-- AUTO_INCREMENT for table `tblpatient`
--
ALTER TABLE `tblpatient`
  MODIFY `ID` int(10) NOT NULL AUTO_INCREMENT, AUTO_INCREMENT=6;

--
-- AUTO_INCREMENT for table `userlog`
--
ALTER TABLE `userlog`
  MODIFY `id` int(11) NOT NULL AUTO_INCREMENT, AUTO_INCREMENT=34;

--
-- AUTO_INCREMENT for table `users`
--
ALTER TABLE `users`
  MODIFY `id` int(11) NOT NULL AUTO_INCREMENT, AUTO_INCREMENT=9;
--
-- Database: `phpmyadmin`
--
CREATE DATABASE IF NOT EXISTS `phpmyadmin` DEFAULT CHARACTER SET utf8 COLLATE utf8_bin;
USE `phpmyadmin`;

-- --------------------------------------------------------

--
-- Table structure for table `pma__bookmark`
--

CREATE TABLE `pma__bookmark` (
  `id` int(10) UNSIGNED NOT NULL,
  `dbase` varchar(255) COLLATE utf8_bin NOT NULL DEFAULT '',
  `user` varchar(255) COLLATE utf8_bin NOT NULL DEFAULT '',
  `label` varchar(255) CHARACTER SET utf8 NOT NULL DEFAULT '',
  `query` text COLLATE utf8_bin NOT NULL
) ENGINE=InnoDB DEFAULT CHARSET=utf8 COLLATE=utf8_bin COMMENT='Bookmarks';

-- --------------------------------------------------------

--
-- Table structure for table `pma__central_columns`
--

CREATE TABLE `pma__central_columns` (
  `db_name` varchar(64) COLLATE utf8_bin NOT NULL,
  `col_name` varchar(64) COLLATE utf8_bin NOT NULL,
  `col_type` varchar(64) COLLATE utf8_bin NOT NULL,
  `col_length` text COLLATE utf8_bin DEFAULT NULL,
  `col_collation` varchar(64) COLLATE utf8_bin NOT NULL,
  `col_isNull` tinyint(1) NOT NULL,
  `col_extra` varchar(255) COLLATE utf8_bin DEFAULT '',
  `col_default` text COLLATE utf8_bin DEFAULT NULL
) ENGINE=InnoDB DEFAULT CHARSET=utf8 COLLATE=utf8_bin COMMENT='Central list of columns';

-- --------------------------------------------------------

--
-- Table structure for table `pma__column_info`
--

CREATE TABLE `pma__column_info` (
  `id` int(5) UNSIGNED NOT NULL,
  `db_name` varchar(64) COLLATE utf8_bin NOT NULL DEFAULT '',
  `table_name` varchar(64) COLLATE utf8_bin NOT NULL DEFAULT '',
  `column_name` varchar(64) COLLATE utf8_bin NOT NULL DEFAULT '',
  `comment` varchar(255) CHARACTER SET utf8 NOT NULL DEFAULT '',
  `mimetype` varchar(255) CHARACTER SET utf8 NOT NULL DEFAULT '',
  `transformation` varchar(255) COLLATE utf8_bin NOT NULL DEFAULT '',
  `transformation_options` varchar(255) COLLATE utf8_bin NOT NULL DEFAULT '',
  `input_transformation` varchar(255) COLLATE utf8_bin NOT NULL DEFAULT '',
  `input_transformation_options` varchar(255) COLLATE utf8_bin NOT NULL DEFAULT ''
) ENGINE=InnoDB DEFAULT CHARSET=utf8 COLLATE=utf8_bin COMMENT='Column information for phpMyAdmin';

-- --------------------------------------------------------

--
-- Table structure for table `pma__designer_settings`
--

CREATE TABLE `pma__designer_settings` (
  `username` varchar(64) COLLATE utf8_bin NOT NULL,
  `settings_data` text COLLATE utf8_bin NOT NULL
) ENGINE=InnoDB DEFAULT CHARSET=utf8 COLLATE=utf8_bin COMMENT='Settings related to Designer';

-- --------------------------------------------------------

--
-- Table structure for table `pma__export_templates`
--

CREATE TABLE `pma__export_templates` (
  `id` int(5) UNSIGNED NOT NULL,
  `username` varchar(64) COLLATE utf8_bin NOT NULL,
  `export_type` varchar(10) COLLATE utf8_bin NOT NULL,
  `template_name` varchar(64) COLLATE utf8_bin NOT NULL,
  `template_data` text COLLATE utf8_bin NOT NULL
) ENGINE=InnoDB DEFAULT CHARSET=utf8 COLLATE=utf8_bin COMMENT='Saved export templates';

-- --------------------------------------------------------

--
-- Table structure for table `pma__favorite`
--

CREATE TABLE `pma__favorite` (
  `username` varchar(64) COLLATE utf8_bin NOT NULL,
  `tables` text COLLATE utf8_bin NOT NULL
) ENGINE=InnoDB DEFAULT CHARSET=utf8 COLLATE=utf8_bin COMMENT='Favorite tables';

-- --------------------------------------------------------

--
-- Table structure for table `pma__history`
--

CREATE TABLE `pma__history` (
  `id` bigint(20) UNSIGNED NOT NULL,
  `username` varchar(64) COLLATE utf8_bin NOT NULL DEFAULT '',
  `db` varchar(64) COLLATE utf8_bin NOT NULL DEFAULT '',
  `table` varchar(64) COLLATE utf8_bin NOT NULL DEFAULT '',
  `timevalue` timestamp NOT NULL DEFAULT current_timestamp(),
  `sqlquery` text COLLATE utf8_bin NOT NULL
) ENGINE=InnoDB DEFAULT CHARSET=utf8 COLLATE=utf8_bin COMMENT='SQL history for phpMyAdmin';

-- --------------------------------------------------------

--
-- Table structure for table `pma__navigationhiding`
--

CREATE TABLE `pma__navigationhiding` (
  `username` varchar(64) COLLATE utf8_bin NOT NULL,
  `item_name` varchar(64) COLLATE utf8_bin NOT NULL,
  `item_type` varchar(64) COLLATE utf8_bin NOT NULL,
  `db_name` varchar(64) COLLATE utf8_bin NOT NULL,
  `table_name` varchar(64) COLLATE utf8_bin NOT NULL
) ENGINE=InnoDB DEFAULT CHARSET=utf8 COLLATE=utf8_bin COMMENT='Hidden items of navigation tree';

-- --------------------------------------------------------

--
-- Table structure for table `pma__pdf_pages`
--

CREATE TABLE `pma__pdf_pages` (
  `db_name` varchar(64) COLLATE utf8_bin NOT NULL DEFAULT '',
  `page_nr` int(10) UNSIGNED NOT NULL,
  `page_descr` varchar(50) CHARACTER SET utf8 NOT NULL DEFAULT ''
) ENGINE=InnoDB DEFAULT CHARSET=utf8 COLLATE=utf8_bin COMMENT='PDF relation pages for phpMyAdmin';

-- --------------------------------------------------------

--
-- Table structure for table `pma__recent`
--

CREATE TABLE `pma__recent` (
  `username` varchar(64) COLLATE utf8_bin NOT NULL,
  `tables` text COLLATE utf8_bin NOT NULL
) ENGINE=InnoDB DEFAULT CHARSET=utf8 COLLATE=utf8_bin COMMENT='Recently accessed tables';

--
-- Dumping data for table `pma__recent`
--

INSERT INTO `pma__recent` (`username`, `tables`) VALUES
('root', '[{\"db\":\"forms\",\"table\":\"stable\"},{\"db\":\"forms\",\"table\":\"schemetable\"},{\"db\":\"forms\",\"table\":\"populationtable\"},{\"db\":\"forms\",\"table\":\"marriagetable\"},{\"db\":\"forms\",\"table\":\"livingtable\"},{\"db\":\"forms\",\"table\":\"deathtable\"},{\"db\":\"forms\",\"table\":\"birthtable\"},{\"db\":\"hms\",\"table\":\"users\"},{\"db\":\"hms\",\"table\":\"doctorslog\"},{\"db\":\"hms\",\"table\":\"doctorspecilization\"}]');

-- --------------------------------------------------------

--
-- Table structure for table `pma__relation`
--

CREATE TABLE `pma__relation` (
  `master_db` varchar(64) COLLATE utf8_bin NOT NULL DEFAULT '',
  `master_table` varchar(64) COLLATE utf8_bin NOT NULL DEFAULT '',
  `master_field` varchar(64) COLLATE utf8_bin NOT NULL DEFAULT '',
  `foreign_db` varchar(64) COLLATE utf8_bin NOT NULL DEFAULT '',
  `foreign_table` varchar(64) COLLATE utf8_bin NOT NULL DEFAULT '',
  `foreign_field` varchar(64) COLLATE utf8_bin NOT NULL DEFAULT ''
) ENGINE=InnoDB DEFAULT CHARSET=utf8 COLLATE=utf8_bin COMMENT='Relation table';

-- --------------------------------------------------------

--
-- Table structure for table `pma__savedsearches`
--

CREATE TABLE `pma__savedsearches` (
  `id` int(5) UNSIGNED NOT NULL,
  `username` varchar(64) COLLATE utf8_bin NOT NULL DEFAULT '',
  `db_name` varchar(64) COLLATE utf8_bin NOT NULL DEFAULT '',
  `search_name` varchar(64) COLLATE utf8_bin NOT NULL DEFAULT '',
  `search_data` text COLLATE utf8_bin NOT NULL
) ENGINE=InnoDB DEFAULT CHARSET=utf8 COLLATE=utf8_bin COMMENT='Saved searches';

-- --------------------------------------------------------

--
-- Table structure for table `pma__table_coords`
--

CREATE TABLE `pma__table_coords` (
  `db_name` varchar(64) COLLATE utf8_bin NOT NULL DEFAULT '',
  `table_name` varchar(64) COLLATE utf8_bin NOT NULL DEFAULT '',
  `pdf_page_number` int(11) NOT NULL DEFAULT 0,
  `x` float UNSIGNED NOT NULL DEFAULT 0,
  `y` float UNSIGNED NOT NULL DEFAULT 0
) ENGINE=InnoDB DEFAULT CHARSET=utf8 COLLATE=utf8_bin COMMENT='Table coordinates for phpMyAdmin PDF output';

-- --------------------------------------------------------

--
-- Table structure for table `pma__table_info`
--

CREATE TABLE `pma__table_info` (
  `db_name` varchar(64) COLLATE utf8_bin NOT NULL DEFAULT '',
  `table_name` varchar(64) COLLATE utf8_bin NOT NULL DEFAULT '',
  `display_field` varchar(64) COLLATE utf8_bin NOT NULL DEFAULT ''
) ENGINE=InnoDB DEFAULT CHARSET=utf8 COLLATE=utf8_bin COMMENT='Table information for phpMyAdmin';

-- --------------------------------------------------------

--
-- Table structure for table `pma__table_uiprefs`
--

CREATE TABLE `pma__table_uiprefs` (
  `username` varchar(64) COLLATE utf8_bin NOT NULL,
  `db_name` varchar(64) COLLATE utf8_bin NOT NULL,
  `table_name` varchar(64) COLLATE utf8_bin NOT NULL,
  `prefs` text COLLATE utf8_bin NOT NULL,
  `last_update` timestamp NOT NULL DEFAULT current_timestamp() ON UPDATE current_timestamp()
) ENGINE=InnoDB DEFAULT CHARSET=utf8 COLLATE=utf8_bin COMMENT='Tables'' UI preferences';

-- --------------------------------------------------------

--
-- Table structure for table `pma__tracking`
--

CREATE TABLE `pma__tracking` (
  `db_name` varchar(64) COLLATE utf8_bin NOT NULL,
  `table_name` varchar(64) COLLATE utf8_bin NOT NULL,
  `version` int(10) UNSIGNED NOT NULL,
  `date_created` datetime NOT NULL,
  `date_updated` datetime NOT NULL,
  `schema_snapshot` text COLLATE utf8_bin NOT NULL,
  `schema_sql` text COLLATE utf8_bin DEFAULT NULL,
  `data_sql` longtext COLLATE utf8_bin DEFAULT NULL,
  `tracking` set('UPDATE','REPLACE','INSERT','DELETE','TRUNCATE','CREATE DATABASE','ALTER DATABASE','DROP DATABASE','CREATE TABLE','ALTER TABLE','RENAME TABLE','DROP TABLE','CREATE INDEX','DROP INDEX','CREATE VIEW','ALTER VIEW','DROP VIEW') COLLATE utf8_bin DEFAULT NULL,
  `tracking_active` int(1) UNSIGNED NOT NULL DEFAULT 1
) ENGINE=InnoDB DEFAULT CHARSET=utf8 COLLATE=utf8_bin COMMENT='Database changes tracking for phpMyAdmin';

-- --------------------------------------------------------

--
-- Table structure for table `pma__userconfig`
--

CREATE TABLE `pma__userconfig` (
  `username` varchar(64) COLLATE utf8_bin NOT NULL,
  `timevalue` timestamp NOT NULL DEFAULT current_timestamp() ON UPDATE current_timestamp(),
  `config_data` text COLLATE utf8_bin NOT NULL
) ENGINE=InnoDB DEFAULT CHARSET=utf8 COLLATE=utf8_bin COMMENT='User preferences storage for phpMyAdmin';

--
-- Dumping data for table `pma__userconfig`
--

INSERT INTO `pma__userconfig` (`username`, `timevalue`, `config_data`) VALUES
('root', '2020-06-25 04:39:56', '{\"Console\\/Mode\":\"collapse\"}');

-- --------------------------------------------------------

--
-- Table structure for table `pma__usergroups`
--

CREATE TABLE `pma__usergroups` (
  `usergroup` varchar(64) COLLATE utf8_bin NOT NULL,
  `tab` varchar(64) COLLATE utf8_bin NOT NULL,
  `allowed` enum('Y','N') COLLATE utf8_bin NOT NULL DEFAULT 'N'
) ENGINE=InnoDB DEFAULT CHARSET=utf8 COLLATE=utf8_bin COMMENT='User groups with configured menu items';

-- --------------------------------------------------------

--
-- Table structure for table `pma__users`
--

CREATE TABLE `pma__users` (
  `username` varchar(64) COLLATE utf8_bin NOT NULL,
  `usergroup` varchar(64) COLLATE utf8_bin NOT NULL
) ENGINE=InnoDB DEFAULT CHARSET=utf8 COLLATE=utf8_bin COMMENT='Users and their assignments to user groups';

--
-- Indexes for dumped tables
--

--
-- Indexes for table `pma__bookmark`
--
ALTER TABLE `pma__bookmark`
  ADD PRIMARY KEY (`id`);

--
-- Indexes for table `pma__central_columns`
--
ALTER TABLE `pma__central_columns`
  ADD PRIMARY KEY (`db_name`,`col_name`);

--
-- Indexes for table `pma__column_info`
--
ALTER TABLE `pma__column_info`
  ADD PRIMARY KEY (`id`),
  ADD UNIQUE KEY `db_name` (`db_name`,`table_name`,`column_name`);

--
-- Indexes for table `pma__designer_settings`
--
ALTER TABLE `pma__designer_settings`
  ADD PRIMARY KEY (`username`);

--
-- Indexes for table `pma__export_templates`
--
ALTER TABLE `pma__export_templates`
  ADD PRIMARY KEY (`id`),
  ADD UNIQUE KEY `u_user_type_template` (`username`,`export_type`,`template_name`);

--
-- Indexes for table `pma__favorite`
--
ALTER TABLE `pma__favorite`
  ADD PRIMARY KEY (`username`);

--
-- Indexes for table `pma__history`
--
ALTER TABLE `pma__history`
  ADD PRIMARY KEY (`id`),
  ADD KEY `username` (`username`,`db`,`table`,`timevalue`);

--
-- Indexes for table `pma__navigationhiding`
--
ALTER TABLE `pma__navigationhiding`
  ADD PRIMARY KEY (`username`,`item_name`,`item_type`,`db_name`,`table_name`);

--
-- Indexes for table `pma__pdf_pages`
--
ALTER TABLE `pma__pdf_pages`
  ADD PRIMARY KEY (`page_nr`),
  ADD KEY `db_name` (`db_name`);

--
-- Indexes for table `pma__recent`
--
ALTER TABLE `pma__recent`
  ADD PRIMARY KEY (`username`);

--
-- Indexes for table `pma__relation`
--
ALTER TABLE `pma__relation`
  ADD PRIMARY KEY (`master_db`,`master_table`,`master_field`),
  ADD KEY `foreign_field` (`foreign_db`,`foreign_table`);

--
-- Indexes for table `pma__savedsearches`
--
ALTER TABLE `pma__savedsearches`
  ADD PRIMARY KEY (`id`),
  ADD UNIQUE KEY `u_savedsearches_username_dbname` (`username`,`db_name`,`search_name`);

--
-- Indexes for table `pma__table_coords`
--
ALTER TABLE `pma__table_coords`
  ADD PRIMARY KEY (`db_name`,`table_name`,`pdf_page_number`);

--
-- Indexes for table `pma__table_info`
--
ALTER TABLE `pma__table_info`
  ADD PRIMARY KEY (`db_name`,`table_name`);

--
-- Indexes for table `pma__table_uiprefs`
--
ALTER TABLE `pma__table_uiprefs`
  ADD PRIMARY KEY (`username`,`db_name`,`table_name`);

--
-- Indexes for table `pma__tracking`
--
ALTER TABLE `pma__tracking`
  ADD PRIMARY KEY (`db_name`,`table_name`,`version`);

--
-- Indexes for table `pma__userconfig`
--
ALTER TABLE `pma__userconfig`
  ADD PRIMARY KEY (`username`);

--
-- Indexes for table `pma__usergroups`
--
ALTER TABLE `pma__usergroups`
  ADD PRIMARY KEY (`usergroup`,`tab`,`allowed`);

--
-- Indexes for table `pma__users`
--
ALTER TABLE `pma__users`
  ADD PRIMARY KEY (`username`,`usergroup`);

--
-- AUTO_INCREMENT for dumped tables
--

--
-- AUTO_INCREMENT for table `pma__bookmark`
--
ALTER TABLE `pma__bookmark`
  MODIFY `id` int(10) UNSIGNED NOT NULL AUTO_INCREMENT;

--
-- AUTO_INCREMENT for table `pma__column_info`
--
ALTER TABLE `pma__column_info`
  MODIFY `id` int(5) UNSIGNED NOT NULL AUTO_INCREMENT;

--
-- AUTO_INCREMENT for table `pma__export_templates`
--
ALTER TABLE `pma__export_templates`
  MODIFY `id` int(5) UNSIGNED NOT NULL AUTO_INCREMENT;

--
-- AUTO_INCREMENT for table `pma__history`
--
ALTER TABLE `pma__history`
  MODIFY `id` bigint(20) UNSIGNED NOT NULL AUTO_INCREMENT;

--
-- AUTO_INCREMENT for table `pma__pdf_pages`
--
ALTER TABLE `pma__pdf_pages`
  MODIFY `page_nr` int(10) UNSIGNED NOT NULL AUTO_INCREMENT;

--
-- AUTO_INCREMENT for table `pma__savedsearches`
--
ALTER TABLE `pma__savedsearches`
  MODIFY `id` int(5) UNSIGNED NOT NULL AUTO_INCREMENT;
--
-- Database: `test`
--
CREATE DATABASE IF NOT EXISTS `test` DEFAULT CHARACTER SET latin1 COLLATE latin1_swedish_ci;
USE `test`;
COMMIT;

/*!40101 SET CHARACTER_SET_CLIENT=@OLD_CHARACTER_SET_CLIENT */;
/*!40101 SET CHARACTER_SET_RESULTS=@OLD_CHARACTER_SET_RESULTS */;
/*!40101 SET COLLATION_CONNECTION=@OLD_COLLATION_CONNECTION */;
